Timestamp,Minute,Game Phase,Post,Post Size,Score,Notes,Highlight?,Status
8/1/2026 19:33:56,,Pre-Game,Atlanta vs Philadelphia,23,,"Commentators - Nate Bukaty - speaker 1, Devon Kerr - speaker 2",,
8/1/2026 19:40:41,,Start 1st Half,start,5,,,,
8/1/2026 19:40:59,0,1st Half,Picault kicks off,17,,,,
8/1/2026 19:41:12,1,1st Half,3 at the back for Atlanta,25,,,,
8/1/2026 19:42:03,1,1st Half,Philadelphia long throw into the box,36,,,,
8/1/2026 19:42:22,2,1st Half,"Picault defending outside the box, called for a foul.",53,,I didn't see a foul on replay,,
8/1/2026 19:43:43,3,1st Half,Philadelphia free kick - goes into the 6.  Damiani and Hoyos go into it together.  Hoyos puts it over,101,,,,
8/1/2026 19:45:21,5,1st Half,First few min  Philadelphia is passing better than Atlanta,58,,,,
8/1/2026 19:46:06,5,1st Half,this game has been played by the fullbacks.  neither team can make much happen in midfield or the front line.  A lot of long balls,130,,,,
8/1/2026 19:47:01,6,1st Half,"Wagner knocks over Edwards, then keeps running.  no call.  Wagner gets a cross in before Atlanta clears",103,,,,
8/1/2026 19:47:30,7,1st Half,Tata Martino gets a talking to from the Ref.  Then someone on the bench sees 🟨,79,,really early to have seen yellow,,
8/1/2026 19:48:42,8,1st Half,"Báez long ball to Picault, who one touches it to Almirón.  Atlanta cross the ball a couple of times.  It's eventually knocked out for a corner",142,,good passing sequence,,
8/1/2026 19:49:13,9,1st Half,Almirón corner.  Picault gets to it.  heades it out.,52,,"cautiously, things are trying to click",,
8/1/2026 19:50:04,9,1st Half,"Philadelphia down the left, Jacob is able to knock it.  It pinballs around.  Damiani knocks into Mihaj.  Atlanta player down, but back up soon.",143,,,,
8/1/2026 19:51:37,11,1st Half,Atlanta FB's struggling to deal with Philly's movement,54,,,,
8/1/2026 19:52:10,11,1st Half,Picault repeatedly coming deep to help on defense.,50,,,,
8/1/2026 19:52:35,12,1st Half,Vassilev knocks into Jacobs - maybe steps on his foot.  He's called for a foul.  Another no call where players disagree.  The Ref is letting things go.,151,,,,
8/1/2026 19:53:58,13,1st Half,"Mihaj with a bad clearance - ball goes high and backwards.  Philadelphia was able to get the ball, but Edwards rescues it and the ball goes out for a goalkick",158,,,,
8/1/2026 19:54:36,14,1st Half,Philadelphia are prioritizing the left side.,44,,,,
8/1/2026 19:55:19,15,1st Half,Muyumba to Miranchuk.  He hits the ball into a Philadelphia player.  Atlanta loses possession.,94,,,,
8/1/2026 19:55:30,15,1st Half,Edwards fouls Vassilev,22,,,,
8/1/2026 19:56:08,15,1st Half,"Philadelphia long ball to Damiani.  Good play, but the right winger is offsides",79,,,,
8/1/2026 19:57:04,16,1st Half,"Báez to Miranchuk, long ball to Edwards.  He tries a crossing ball.  Picault is running, but the ball goes straight to the keeper",129,,"Atlanta is not seeing a lot of the ball, and need to do better when it has the ball",,
8/1/2026 19:58:02,17,1st Half,Reilly loses the ball in a bad spot. Hoyos comes off his line and keeps the game level,86,,good instinct from Hoyos.  bad from Reilly,,
8/1/2026 19:59:31,19,1st Half,Almirón nice back & forth with Muyumba.  Almirón gets the ball wide to Báez.  His cross int he box is deflected.  Philadelphia is able to clear.,144,,,,
8/1/2026 20:00:55,20,1st Half,Both teams will reset the ball in the backline.,47,,each side with 1 shot so far,,
8/1/2026 20:02:00,21,1st Half,"Sullivan gives the ball away to Báez.  He's able to disrupt the play, but altanta loses the chance.",99,,,,
8/1/2026 20:02:37,22,1st Half,"Philadelphia shot across the box.  Chipped ball to Iloski in the box.  He bunces the ball across the 6.  Looks like it took a deflection, and goes out for a corner",163,,,,
8/1/2026 20:03:26,23,1st Half,Báez clears a ball up to Almirón.  Báez stays down after the play.  Head injury on the play.,92,,,,
8/1/2026 20:05:09,24,1st Half,"Almirón with the quick restart.  He tries passing in front of Picault, but they aren't on the same page.",104,,,,
8/1/2026 20:05:15,25,1st Half,Báez back on the pitch.,23,,,,
8/1/2026 20:06:01,25,1st Half,"Atlanta keep trying to clear, can't get the ball past halfway",61,,,,
8/1/2026 20:06:29,26,1st Half,"Mihaj sees a straight 🟥.  Philadelphia player going for the ball.  He's running towards the sideline.  Mihaj running behind, clips him at the heal.  Looked like a 🟨.  VAR will check.  Quick check, and Mihaj is off.  Initial replays is enough to see even what happened.  Let alone confirm 🟨 or 🟥.  Chapman was 10 yards away.  He was in the best position to see it.",367,,,,
8/1/2026 20:08:21,28,1st Half,Atlanta now down to 10 with 63 min remaining.,45,,,,
8/1/2026 20:08:56,28,1st Half,The free kick bounces into the box.  Atlanta can't get their feet out from under them.  Eventually clears.  Iloski sees 🟨 for tripping up Almirón,146,,,,
8/1/2026 20:10:23,30,1st Half,Hoyos long ball.,16,,,,
8/1/2026 20:10:46,30,1st Half,"Miranchuk to Picault.  He passes up to Almirón.  THere's a collision in the box.  Almirón goes down.  BUt the ball dribbles into the box.
Almirón is running on.  he's squeezed by Westfield and Pierre.  The keeper is closing in.  Almirón gets the last touch.  well earned goal",275,Atlanta 1-0,Almiron now 3 goals since the world cup,,
8/1/2026 20:13:02,32,1st Half,"Westfield ball into the box.  Dangerous but Atlanta get to it first, to clear",77,,,,
8/1/2026 20:13:58,33,1st Half,Muyumba fouled just after he strips Philadelphia of a ball,58,,,,
8/1/2026 20:14:37,34,1st Half,"Almirón over the ball, free kick.  Not a good one.  Philadelphia clears it one touch.",85,,,,
8/1/2026 20:14:56,34,1st Half,"Muyumba crunching tackle, takes down Lukic",42,,,,
8/1/2026 20:15:44,35,1st Half,Dangerous ball into the 6.  Báez tries a one-touch ball to hit it out of bouncs.  Bad hit and it goes towards goal.  Caught Hoyos off guard but he's able to claim it.,166,,,,
8/1/2026 20:17:52,37,1st Half,Pierre knocks Almirón over.  Miggy wants a foul but not getting it.,67,,,,
8/1/2026 20:17:59,37,1st Half,Báez strips Sullivan of the ball inside the box,47,,,,
8/1/2026 20:19:24,39,1st Half,"Almirón surrounded by 4 players.  He knocks the ball up into the air over a player and knocks it back ground.  Damiani clips him from behind.  The Ref initially pulls out a 🟨, but pockets it again",197,,,,
8/1/2026 20:20:01,39,1st Half,Philadelphia has a lot of action in the box.  Atlanta are doing all they can to try and clear it.  All players defending in their third,135,,,,
8/1/2026 20:20:41,40,1st Half,Westfield circles around Báez to get into the box.  Atlanta knock it out for a corner.  Báez not having the best day.,117,,,,
8/1/2026 20:21:20,41,1st Half,Reilly is able to clear the corner.  He's been quiet so far.,60,,,,
8/1/2026 20:22:03,41,1st Half,"Muyumba strips the ball, passes to Almirón.  Philadelphia are able to recover",77,,,,
8/1/2026 20:22:33,42,1st Half,Edwards to Picault to Miranchuk.  Barely getting the passes together.  Philadelphia recover the ball,100,,,,
8/1/2026 20:22:57,42,1st Half,"Lukic gets a ball in the box.  Hits the ball into Damiani.  He turns and shoots, it goes out for a corner.",106,,,,
8/1/2026 20:23:46,43,1st Half,Philadelphia corner - it gets to Pierre who shoots.  The ball hits off the bar!  Picault clears.  Beautiful header.,115,,,,
8/1/2026 20:25:05,44,1st Half,"Jacob on the free kick, lazily hits uit up trying to find Almirón or Piccault.  Philadelphia easily get the ball back.",118,,,,
8/1/2026 20:26:02,45,1st Half,"5' stoppage - thought it would be longer.  oh, no hydration break",65,,,,
8/1/2026 20:26:53,46,1st Half,"Ball pinballs in atlanta's box.  Muyumba performs a spinning kick along the ground, and is able to clear.  Nice reaction to keep Philadelphia from getting control and a shot",173,,,,
8/1/2026 20:27:35,47,1st Half,WOW.  What a shot by Sullivan.  Hard low ball towards the back corner.  Hoyos is able to get down and kock it out,113,,,,
8/1/2026 20:28:22,48,1st Half,"Philadelphia gets an open ball along the post at the far side.  Header back in to goal.  It goes back across goal, and then bounces off the back post.",150,,Atlanta defenders working really hard.  Philly should be up by several goals,,
8/1/2026 20:29:44,49,1st Half,Reilly starting to gain some control in midfield,48,,,,
8/1/2026 20:30:31,50,1st Half,Miranchuk hard ball to Picault on the wing.  Too hard.  Picault can't keep it in.  He tells Miranchuk to play it a little easier.,129,,,,
8/1/2026 20:30:48,,Halftime,stop,4,,,,
8/1/2026 20:33:40,,Halftime,"Player Impressions:
Hoyos - Great game so far.  Has kept Atlanta in the game.  Saved a couple of shot from going in, including one from Báez.
Alonso - working hard along the backline to perform reactive clearances.
Mihaj - Got the 🟥.  Still unsure of what happened.  He should never have gone in with the clip from behind.  His mark was going away from Atlanta's goal.  poor decision
Jacob - he's being swarmed on his side.  Defending well enough to stop Philadelphia.  Not doing well to get the ball forward
Báez - not having a good game.  barely hanging on, on his side of the pitch.  can't combine with players up the pitch
Muyumba - his defending is better than movement going forward.  He is working hard on defense.  Has kept the ball from Philadelphia.  His influence ends up the pitch.
Reilly - largely quiet.  He's being afforded a bit of space late in the half, and is able to mvoe the ball around.
Almirón - Having an outstanding game so far.  
Miranchuk - Needs to be doing more.  Having trouble connecting his passes
Picault - Providing an outlet for Almirón and Miranchuk.  He's acting as the tip of the spear.  He can't get the final ball, but working hard.  Not great.  But good performance


For Philadelphia - Sullivan is amazing to watch.  Forgetting his age, he is the best player on the pitch",1314,,Sounds like Mihaj's clip was along the achilles,,
8/1/2026 20:47:59,,Start 2nd Half,start,5,,,,
8/1/2026 20:48:14,45,2nd Half,Blake comes up to the center circle before passing it long,58,,,,
8/1/2026 20:49:05,46,2nd Half,Iloski tries to receive a ball.  Jacob shields him off the ball,63,,,,
8/1/2026 20:49:21,46,2nd Half,Pierre header in the box.  Alonso clears,40,,,,
,,2nd Half,"Philly comes out of the half hot.  Pushing very hard, with all players.  They want the goal",,,,,
8/1/2026 20:50:27,47,2nd Half,Westfield to Sullivan on the right wing.  Almirón follows him all the way to the back line.,91,,,,
8/1/2026 20:50:45,48,2nd Half,"Corner comes in, Picault throws himself to clear",48,,,,
8/1/2026 20:51:37,49,2nd Half,Philadelphia with yet another corner.  Only a matter of time before the ball goes in,84,,,,
8/1/2026 20:51:49,49,2nd Half,"Corder to the back post.  Báez deflects it out.  He didn't know anything about it, but put himself in a good position",117,,,,
8/1/2026 20:53:05,50,2nd Half,Almirón has been playing deeper.  Miranchuk pushing up a bit higher when Atlanta has the ball,93,,,,
8/1/2026 20:53:33,51,2nd Half,All Atlanta players defending deep.  30 yards out is the line,61,,,,
8/1/2026 20:53:51,51,2nd Half,"Westfield and Báez get tangled up in the box.  Westfield goes down.  On replay, high ball is heading towards Báez.  he's moving backwards and it appears Westfield collides with him from behind.  Play will continue without a call.",229,,,,
8/1/2026 20:55:09,52,2nd Half,Jacob flying tot he right with a long tackle and clears the ball,64,,,,
8/1/2026 20:55:22,52,2nd Half,Edwards breaks up the next attacking wave,41,,,,
8/1/2026 20:56:12,53,2nd Half,"Miranchuk along the 18, passes up to Almirón.  He's knocked over immediately.  Harriel trips him up in transition and sees 🟨.  He kneed Almirón in the left thigh.  He'll have a dead leg.",187,,,,
8/1/2026 20:56:41,54,2nd Half,Almirón still on the ground,27,,,,
8/1/2026 20:58:12,55,2nd Half,"Strangely, Almirón didn't have to exit the pitch.",49,,"Ah - because of hte yellow, he doesn't have to leave",,
8/1/2026 20:58:53,56,2nd Half,"Philadelphia down the right, puts a ball across the 6.  Jacob gets there first and clears",89,,,,
8/1/2026 20:59:02,56,2nd Half,"Philadelphia subs:
2 subs",25,,,,
8/1/2026 20:59:47,57,2nd Half,Ball chipped into the Atlanta box.  Hoyos collects.,51,,,,
8/1/2026 21:00:20,57,2nd Half,Reilly and Muyumba pressing midfield targets.  Then immediately retreating.,75,,,,
8/1/2026 21:00:27,57,2nd Half,Hoyos collects a high cross into the box,40,,,,
8/1/2026 21:00:54,58,2nd Half,Hoyos holds the ball too long.  A corner kick is awarded,56,,,,
8/1/2026 21:01:12,58,2nd Half,Corner comes in.  Wagner there and heads well over.  Atlanta very lucky,71,,,,
8/1/2026 21:01:28,58,2nd Half,Hoyos is arguing with the Ref.  Chapman is hot.,47,,,,
8/1/2026 21:02:06,59,2nd Half,Hoyos received a 🟨.  Probably for dissent on the last play.,60,,,,
8/1/2026 21:03:04,60,2nd Half,All Atlanta players between 15 and 25 yards.,44,,,,
8/1/2026 21:03:37,61,2nd Half,Reilly steals the ball along the 18 and clears.  But Philadelphia get it back quickly,85,,,,
8/1/2026 21:04:17,61,2nd Half,Miranchuk great work rate to dribble the ball in circles and is able to pass it up to the right wing.,101,,,,
8/1/2026 21:05:04,62,2nd Half,Philadelphia drives another ball into the box.  Hoyos collects,62,,,,
8/1/2026 21:05:48,63,2nd Half,Pierre with a long range shot.  well over.,42,,Philly cannot get the ball on target.  Altanta defense doing well to frustrate them,,
8/1/2026 21:06:44,64,2nd Half,Alonso long ball up high to Picault.  he passes to Reilly who is knocked down hard.  Ref plays advantage.,105,,,,
8/1/2026 21:07:26,64,2nd Half,"Atlanta have generated an attack.  Great team passing.  Almirón ends the terrific sequence with a cross along the 6.  Picault attacking.  It's knocked out for a corner.
There were probably 6 different Atlanta players who touched the ball.",238,,,,
8/1/2026 21:08:37,66,2nd Half,"Muyumba to Alonso, to Muyumba.  He drives forward.  Long curling shot beats the keeper along the right post!  No idea what opening Muyumba saw.  fantastic shot",159,Atlanta 2-0,,,
8/1/2026 21:09:41,67,2nd Half,The team celebrate with the bench and coaches,45,,,,
8/1/2026 21:10:48,68,2nd Half,"Philadelphia ball into the box.  Jacob running twoards it.  Damiani clips him from behind in a dangerous play.  He sees 🟨.  Jacob up immediately and chargest at Damiani.
Jacob then goes back down to receive treatment.
Damiani was absolutely trying to foul Jacob.",263,,,,
8/1/2026 21:12:05,69,2nd Half,Philadelphia long ball over the top into the box.  Hoyos collects,65,,,,
8/1/2026 21:12:18,69,2nd Half,Picault has the ball but surrounded by 3 Philadelphia players,61,,,,
8/1/2026 21:12:43,70,2nd Half,Philadelphia prepping 2 more subs,33,,,,
8/1/2026 21:13:10,70,2nd Half,Philadelphia long range rocket.  Jean Jacques from outside the arc.  It ends up going high and wide right.  But not far,119,,,,
8/1/2026 21:13:17,70,2nd Half,Philadelphia 2 subs - changing a defender for a striker,55,,,,
8/1/2026 21:15:52,73,2nd Half,"Philadelphia with the ball on the left.  Ball is sent in, gets deflected by Edwards.  Iloski gets to it, and with a nifty outside of the foot flick, hits it past Hoyos for the goal",180,Atlanta 2 - 1,,,
8/1/2026 21:16:56,74,2nd Half,Almirón backheels to Picault.  The two are surrounded by 4 Philadelphia players.,80,,,,
8/1/2026 21:17:58,75,2nd Half,Philadelphia keep sending high balls into the box.  Atlanta having more trouble clearing it.  Philadelphia looking more dangerous,129,,,,
8/1/2026 21:18:29,76,2nd Half,"Reilly with a bad header, straight to Philadelphia at the center circle.",72,,,,
8/1/2026 21:18:44,76,2nd Half,Bueno with a volley at the arc.  Hits it just wide right,56,,,,
8/1/2026 21:19:12,76,2nd Half,Atlanta backline struggling now.  Visibly tired in thought and body.,68,,,,
8/1/2026 21:19:51,77,2nd Half,"Philadelphia shot/cross into the box.  Hoyos tries to grab, but it bounces it front of him.  He's able to grab it before Philadelphia can reach it.",147,,,,
8/1/2026 21:20:06,77,2nd Half,Atlanta prepping subs,21,,,,
8/1/2026 21:20:36,78,2nd Half,"a80 steals a ball and runs up pitch.  He's surrounded, and tripped for a foul",77,,,,
8/1/2026 21:20:51,78,2nd Half,"Atlants subs:
on:  Brennan, Gregersen
off:  Picault, Jacob",58,,,,
8/1/2026 21:21:37,79,2nd Half,Almirón on the free kick.  Into the box.  Gregersen heads it just over.  Oh so close,84,,flag came up afterwards,,
8/1/2026 21:22:24,79,2nd Half,Iloski and Gregersen duel for a ball in the box.  Gregersen wins it,67,,,,
8/1/2026 21:23:06,80,2nd Half,Philadelphia ball down the right for Sullivan.  Báez slides and strips him of the ball,86,,,,
8/1/2026 21:23:28,80,2nd Half,Sullivan with a volley and rocket of a shot to the back post.  Hoyos with a diving 1 handed safe,96,,,,
8/1/2026 21:24:25,81,2nd Half,Ball pinballing around the altanta box.  Atlanta cannot touch the ball.  It's knocked out for a corner,102,,,,
8/1/2026 21:25:00,82,2nd Half,Sullivan open at about 8'.  He gets the ball and one-touches it with his left.  His it high and hard into the side netting.,123,,I thought this was in,,
8/1/2026 21:25:38,83,2nd Half,"Edwards hits a bad backball, gives it straight to Philadelphia",62,,,,
8/1/2026 21:25:44,83,2nd Half,Atlanta prepping a sub - Kovac for his debut,44,,,,
8/1/2026 21:26:21,83,2nd Half,"Alonso with a long clearance, goes all the way to Blake.  No Atlanta player there, so the ball comes right back in.",115,,,,
8/1/2026 21:26:47,84,2nd Half,"Atlanta sub
on:  Kovac
off: Almirón - he's been beaten up tonight, very tired.",78,,,,
8/1/2026 21:28:25,85,2nd Half,"Sullivan chips the ball into the box.  Passes to Sullivan, who is knocked down .  NO foul called",96,,,,
8/1/2026 21:28:56,86,2nd Half,Kovac's first touch is being knocked to the ground,50,,,,
8/1/2026 21:29:34,87,2nd Half,Kovac back along the 20 yard - defending,40,,,,
8/1/2026 21:30:01,87,2nd Half,Brennan and Wagner collide. Wagner goes spinning.,49,,,,
8/1/2026 21:30:22,87,2nd Half,"Atlanta sub:
on:  Hernández
off:  Muyumba",41,,,,
8/1/2026 21:31:23,88,2nd Half,Edwards and Hernández appear confused on positioning,52,,,,
8/1/2026 21:31:48,89,2nd Half,"Sullivan sends in another high ball.  Gregersen turns to face goal, clears the ball bakcwards",93,,,,
8/1/2026 21:32:28,89,2nd Half,Reilly steals a ball nicely.  Has the ball stolen from him about two seconds later,82,,,,
8/1/2026 21:32:47,90,2nd Half,"Ball in the box, passed to Sullivan at the arc.  Swing and miss",63,,,,
8/1/2026 21:33:08,90,2nd Half,Philadelphia nearly score there.  couldn't get the ball at their feet.  Hernández desperately clears,100,,,,
8/1/2026 21:33:09,90,2nd Half,8' stoppage,11,,,,
8/1/2026 21:34:22,91,2nd Half,Brennan fouls Sullivan in a dangerous area.,43,,,,
8/1/2026 21:34:41,92,2nd Half,"Báez plays silly, stands in front of the freek kick, then falls in front of the free kick.  He sees 🟨",102,,,,
8/1/2026 21:35:13,92,2nd Half,"Ball comes in, Hoyos knocks it clear",36,,,,
8/1/2026 21:35:34,93,2nd Half,"Reilly prevents a ball from reaching a target, clears it long",61,,,,
8/1/2026 21:35:59,93,2nd Half,"Westfield floating cross into the box.  Iloski heads it at about 8 yards, wide left.  Atlanta lucky",99,,This has been an epic match.,,
8/1/2026 21:36:43,94,2nd Half,Wagner and Hernández dueling.  Atlanta wins it and clears,57,,,,
8/1/2026 21:37:47,95,2nd Half,Long ball into the box.  Hernández heads it out.  Philadelphia sends it right back in.  Bodies falling.  Báez able to knock it out.,131,,,,
8/1/2026 21:38:34,96,2nd Half,Wagner sends a bouncing ball into the box.  Pierre open.  He heads it to the left post.  Hoyos can't get to it.,111,2-2,,,
8/1/2026 21:39:16,96,2nd Half,Philadelphia immediately sends in another ball.  They want the winner,69,,,,
8/1/2026 21:39:42,97,2nd Half,"Very long ball into the box.  Philadelphia just scored.  Alladoh reached out far with his left foot.  Somehow, unsure how, deflects it towards goal.  Same spot as Pierre's.  
Absolute scenes.  Wonderful reflexes by Alladoh for his first goal.  Fantastic goal",258,2-3,,,
8/1/2026 21:41:18,98,2nd Half,Philadelphia sub,16,,,,
8/1/2026 21:41:35,99,2nd Half,Philadelphia now sitting back,29,,,,
8/1/2026 21:41:58,99,2nd Half,"Báez with a long throw, sends it into the box.  It's knocked out, then to Reilly.  He sends the ball in but Philadelphia clear.",127,,,,
8/1/2026 21:42:20,,Final Whistle,stop,4,,,,
8/1/2026 21:42:58,,Post-Game,Philadelphia with a stunning performance.  Wonderful attacking play.  They never stopped believing.,99,,,,
8/1/2026 21:43:14,,Post-Game,This loss will hurt Atlanta.  They were up against the wall for 63 min.  BUt they had the win in hand.  Couldn't last that little bit longer.,141,,,,
,,,,,,,,
8/1/2026 21:44:46,,Post-Game,"Player Impressions:
Hoyos - Best performance of his time in Atlanta.  He kept Philadelphia from scoring 4 or 5 more
Alonso - was able to make a lot of clearances.  couldn't connect with those upfield
Jacob - looked outclassed, but still managed to defend good enough for most of the night.  Tired and beaten up
Báez - much better defensively in the 2nd half.  He wasn't asked to get forward, and was able to concentrate on only his defensive duties.
Muyumba - turned his attack up a notch in the 2nd half.  Wasn't trying to pass it, was trying to score.  Made some good runs, and that shot was wonderful
Reilly - He's not up to this level of play right now.  The game is a bit too fast for him.  He appears to be sinking rather than swimming.
Edwards - just able to hang on defensively.  couldn't get the ball up pitch.
Almirón - Trying to take the game on his terms.  Hard working on offense and defense.  Was knocked around hard all game, and gassed at the end.  Stumbled his way into an unexpected goal
Miranchuk - he's showing good numbers, passes well in pinball maneuvers.  Had trouble with his passes otherwise.  
Picault - Would be better as a AMC than a striker.  Is able to connect with others and pass.  Does press the back line, but cannot get a shot off.
Gregersen - came on late.  Made some good clearances.  
Brennan - Made a couple of runs, but not good enough.  Caused more havoc than helped
Kovac - should have been brought on earlier.  made some defensive plays.  ran around, but the game was long-ago set against Atlanta.  He wasn't able to see attacking balls
Hernández - made a couple of good clearances.  He and Edwards weren't on the same page.  He was beaten on his side.


Wagner and Sullivan were the best players for Philadelphia.  Sullivan is going to light up the prem.",1799,,,,