Timestamp,Minute,Game Phase,Post,Post Size,Team,Notes,Highlight?,Status,Notes2
4/25/2026 12:53:09,,Pre-Game,"ATLUTD vs Toronto, in Toronto",29,,,,,
4/25/2026 12:48:57,,Pre-Game,"A much rotated side today.  With thoughts of the US Open Cup game this week
6 changes from the previous game",108,,,,,
4/25/2026 12:53:13,,Pre-Game,"ATLUTD starters:
Hoyos, Báez, Gregersen, Berrocal
Muyumba, Brennan, Togashi, Fortune, Edwards, Sanchez, Miranchuk",113,,,,,
4/25/2026 12:53:14,,Pre-Game,"3rd straight game without Latte Lath starting
First time this year Gregersen and Berrocal start together",104,,Was the message received?,,,
4/25/2026 13:01:19,,Pre-Game,"Toronto in a 5-3-2
Franklin, Monlouis, Coello, Kuscevic, Edwards
Cifuentes, Osorio, Sallói, Aristizábal, Sargent",112,,,,,
4/25/2026 13:01:59,,Pre-Game,ATLUTD have only won once here,30,,now twice,,,
4/25/2026 13:02:44,,Pre-Game,"Weather is cold and rainy.  43 degrees, light rain",50,,the cold rain played a factor for atlanta,,,
4/25/2026 13:03:02,,Pre-Game,Togashi - I'm looking to see his off the ball movement.,55,,,,,
4/25/2026 13:09:36,,Pre-Game,Ref:  Ismail Elfath,19,,,,,
4/25/2026 13:11:59,,Start 1st Half,ball is kicked,14,,,,,
4/25/2026 13:12:42,1,1st Half,"Edwards up pitch, Toronto clear it.",35,,,,,
4/25/2026 13:13:39,2,1st Half,ATLUTD get briefly into the box,31,,,,,
4/25/2026 13:14:03,2,1st Half,Ball pinballing all over in ATLUTD's half.  Edwards blocks Sargent off the ball,79,,,,,
4/25/2026 13:14:55,3,1st Half,Toronto playing slow from the back.  Togashi and Miranchuk pressing,67,,,,,
4/25/2026 13:15:37,4,1st Half,The game has been going out for a lot of throws,47,,,,,
4/25/2026 13:16:34,5,1st Half,Toronto trying to build from the back.  ATLUTD pressuring.  Atlanta regain control,82,,1st minutes show attacking thoughts,yes,,
4/25/2026 13:17:20,5,1st Half,"Long up ball up to Brennan.  He lost it, but Muyumba recovers.",62,,,,,
4/25/2026 13:17:33,6,1st Half,Fortune getting ot the ball.  Atlanta scrambles but keeps the balll.,68,,,,,
4/25/2026 13:17:46,6,1st Half,Gregersen over passes - out for throw-in,40,,a lot of overpassing today,,,
4/25/2026 13:18:29,7,1st Half,Aristizábal goes in hard against Berrocal.  First free kick of the night,72,,,,,
4/25/2026 13:19:11,7,1st Half,ATLUTD's turn to build slowly from the back,43,,,,,
4/25/2026 13:19:44,8,1st Half,Ref called a foul on Miranchuk,30,,,,,
4/25/2026 13:21:19,9,1st Half,ATLUTD pushed back to the 18,28,,,,,
4/25/2026 13:21:32,10,1st Half,"A clearance to Miranchuk headed up in front of Togashi - good ball, too far",75,,,,,
4/25/2026 13:22:06,10,1st Half,Edwards cross into the box.  Brennan able to get a shot in under pressure.  Goes wide for a corner,98,,,,,
4/25/2026 13:22:47,11,1st Half,Sanchez over the top.  Past Togashi,35,,Atlanta was trying to pass in front of the front-player,,,
4/25/2026 13:23:50,12,1st Half,Good passing from Atlanta to get the ball to Togashi.  But he's closed down by 3 players,88,,,,,
4/25/2026 13:23:58,12,1st Half,Fortune taking the corner,25,,,,,
4/25/2026 13:24:32,13,1st Half,Berrocal and Gregersen both go for the header but Toronto clears,64,,miscommunication on the corner - they haven't played together,,,
4/25/2026 13:25:24,13,1st Half,Aristizábal slaloms through the center of the pitch before Hoyos is able to retrieve.,85,,,yes,,
4/25/2026 13:26:46,15,1st Half,too much room between the back line and midfield.  Toronto getting in,69,,,yes,,
4/25/2026 13:27:14,15,1st Half,Sanchez knocks Osorio from behind.  Slowed down the play,56,,,,,
4/25/2026 13:27:43,16,1st Half,Brennan does well to come back and get the ball.,48,,Luke was better in defensive moments,,,
4/25/2026 13:28:24,16,1st Half,"Ball is worked up the left, comes in center for Fortune - shot - goes over.  The Atlanta attack is looking more coordinated.",124,,structured team play was evident,yes,,
4/25/2026 13:30:00,18,1st Half,"Franklin gets the ball on the right, to Aristizábal who chips it over Hoyos to the far side.  Ball close to being out but isn't - comes back in  - went off Edwards.  It's then cleared",183,,danger!,,,
4/25/2026 13:30:36,19,1st Half,Toronto player down getting treatment.  Off the ball.  Kuscevic,63,,first player down,,,
4/25/2026 13:31:05,19,1st Half,Toronto making a sub - Stefanović (age 18) will be coming on,60,,,,,
4/25/2026 13:32:09,20,1st Half,Berrocol unable to clear it past the first man.,47,,,,,
4/25/2026 13:32:19,20,1st Half,Neither ATLUTD or Toronto able to get the ball under control,60,,caused by wet pitch,,,
4/25/2026 13:32:42,21,1st Half,When ATLUTD get the ball under control - it's keeping the ball in Tortonto's half,81,,,,,
4/25/2026 13:33:15,21,1st Half,ATLUTD attempting a lot of long balls - but specifically to the wings,69,,this was a change in tactics,,,
4/25/2026 13:34:04,22,1st Half,"Hoyos kick to Miranchuk, up to Togashi.  He takes it into the box, shot, score!  ATLUTD 1-0",79,,Togashi was off in this call,yes,,
4/25/2026 13:34:31,23,1st Half,Togashi hurt his ankle on that play,35,,rolled his ankle,,,
4/25/2026 13:34:31,,1st Half,"He tried walking, but goes back down",36,,,,,
4/25/2026 13:34:31,23,1st Half,VAR is now looking at an offsides,33,,,,,
4/25/2026 13:34:31,23,1st Half,VAR decides that Togashi is deemed offsides.  Game still 0-0,60,,,,,
4/25/2026 13:34:31,23,1st Half,Togashi really hurting,22,,,,,
4/25/2026 13:34:31,23,1st Half,Togashi goes back down,22,,,,,
4/25/2026 13:38:14,26,1st Half,Latte Lath is going to have to come on,38,,Surely ELL would get the message - his spot is under threat,,,
4/25/2026 13:39:05,27,1st Half,"ATLUTD sub
off: Togashi
on: Latte Lath",38,,,,,
4/25/2026 13:39:25,27,1st Half,Hoyos kick to midfield.  o13 knocks down Latte Lath,51,,,,,
4/25/2026 13:39:28,27,1st Half,Another Toronto player down off the ball - Cifuentes,52,,next sub,,,
4/25/2026 13:40:26,28,1st Half,Toronto making a sub.  Former Five Stripe Etienne Jr. coming on,63,,,yes,,
4/25/2026 13:41:37,30,1st Half,Toronto will have to change their shape with the sub,52,,,,,
4/25/2026 13:42:03,30,1st Half,Saba works hard and strips a Toronto defender ball.,51,,,,,
4/25/2026 13:42:08,30,1st Half,"Miranchuk tries a bike, but misses.",35,,didn't think he could do that,,,
4/25/2026 13:42:20,30,1st Half,Sanchez fouls Sallói,20,,,,,
4/25/2026 13:43:26,31,1st Half,"Sanchez tires a back pass, overhits Berrocol",44,,players could have been accounting for the wet pitch,,,
4/25/2026 13:43:48,32,1st Half,Báez cuts off a pass to give Atlanta control,44,,,,,
4/25/2026 13:44:04,32,1st Half,Ball up to the wing.  Fortune carries to midfield.  To Edwards on the right,75,,Fortune and Edwards played well together,,,
4/25/2026 13:44:13,32,1st Half,Atlanta passing all over to retain possession.,46,,"when they lost control - they worked together, slowing play down, passing",yes,,
4/25/2026 13:44:21,32,1st Half,"Franklin chops down Brennan, for a free kick",44,,,,,
4/25/2026 13:45:32,34,1st Half,Free kick finds Gregersen.  He heads in down & central - to no one.  But Toronto knocks it over the bar for a corner.,117,,could have gone in,yes,,
4/25/2026 13:46:08,34,1st Half,Corner finds Gregersen - heads again - knocked out for another corner,69,,he's blocking everything - not clearing,,,
4/25/2026 13:46:43,35,1st Half,Muyumba to Sanchez who takes a crack from midfield.  Goes wide left.  Had to be harder,86,,should have been on target,,,
4/25/2026 13:47:47,36,1st Half,Báez forced to dribble towards the corner under pressure from 2 Toronto players,79,,,,,
4/25/2026 13:48:34,37,1st Half,Gregersen knocked backwards allowing Toronto to get into the corner.,68,,,,,
4/25/2026 13:48:48,37,1st Half,Ref called a foul - no offsides - couldn't see it.  Atlanta was disorganized and needed help,92,,,,,
4/25/2026 13:49:25,37,1st Half,Gregersen knocked Sargent to the ground.  Revenge.  Stian gets the 🟨,69,,,yes,,
4/25/2026 13:50:36,39,1st Half,"Coello on the ball.  Comes in, and knocked out by Berrocal.",59,,,,,
4/25/2026 13:51:08,39,1st Half,Per Mike Conti - Tata was thinking of making halftime subs today.  This may now change,86,,still think he needed to,yes,,
4/25/2026 13:51:33,40,1st Half,Muyumba slides to prevent a Toronto attack,42,,Muyumba was growing into the game,,,
4/25/2026 13:51:53,40,1st Half,Coello mis plays a backpass.  Atlanta gets a throw deep in Toronto half.  But ends up passing it back to Hoyos,110,,both teams over passing - this play though lost advantage,yes,,
4/25/2026 13:52:20,40,1st Half,Hoyos hits up to midfield.  Latte Lath heads it north.,54,,,,,
4/25/2026 13:52:25,40,1st Half,Berrocal breaks up an attack,28,,,,,
4/25/2026 13:52:37,41,1st Half,Fortune breaking up several plays in a row,42,,,,,
4/25/2026 13:53:45,42,1st Half,"Edwards has been good defensively, and in pushing up",52,,,,,
4/25/2026 13:54:10,42,1st Half,Game is currently being played in atlanta's half,48,,toronto regain control,,,
4/25/2026 13:55:36,44,1st Half,Hoyos with another good distributed ball - has been floating the ball up to midfield.,85,,,yes,,
4/25/2026 13:56:14,44,1st Half,"Edwards poor backpass - passes to Aristizábal in the box.  Shot, but blocked by Berrocal who jumped the moment the ball was passed.  Great heads up play by Berrocal",164,,Berrocol moved instantly,yes,,
4/25/2026 13:56:46,45,1st Half,Brennan is pressuring the Toronto back line and keeper,54,,,,,
4/25/2026 13:57:08,45,1st Half,Miranchuk passes left to Brennan.  He's knocked over/slipped in the box.  No call.,82,,line 85,yes,,
4/25/2026 13:57:12,45,1st Half,7' ET,5,,,,,
4/25/2026 13:57:31,46,1st Half,Replay shows Brennan went down too easy - looking for the call,62,,,,,
4/25/2026 13:58:11,46,1st Half,Ball is pinballing around between Atlanta and Toronto,53,,neither team had control,,,
4/25/2026 13:58:29,47,1st Half,Sanchez grabs the ball to prevent Toronto from taking the kick.  Things get heated.  Sancez gets a 🟨 for preventing the kick.,126,,,,,
4/25/2026 13:59:40,48,1st Half,"Fortune, Sanchez, Muyumba playing very well under pressure",58,,Under pressure / quick movements - all doing well.,,,
4/25/2026 14:00:05,48,1st Half,Báez bodychecked.  earns a kick,31,,,,,
4/25/2026 14:01:28,49,1st Half,Toronto ball over the top to Sargent.  Hoyos collects,53,,,,,
4/25/2026 14:01:52,50,1st Half,Miranchuk to Fortune tries passing to Edwards.  Toronto clear but not well.  Fortune gets the ball into the corner for a cross,126,,,,,
4/25/2026 14:03:00,51,1st Half,"Muyumba high ball comes down, ELL knocked down in the arch.  Call was offsides",78,,,,,
4/25/2026 14:03:35,52,1st Half,Brenann and Franklin in a 50/50 ball.  Brennan is called for the foul.  not sure why,84,,,,,
4/25/2026 14:04:12,52,Halftime,halftime,8,,,,,
4/25/2026 14:05:11,,Halftime,"The weather is the deciding factor today.
Toronto half already made 2 subs, only 1 more opportunity.  They'll probably make a sub at half just for options.
Atlanta have made 1 sub.  May make 1 sub.",197,,,,,
4/25/2026 14:09:29,,Halftime,We got to see a replay of the non-goal.  Togashi was off.,57,,,,,
4/25/2026 14:16:20,,Halftime,"Player Impressions
Hoyos - not much to do.  distributing well
Báez - not doing much
Berrocal - reading the game well.  Reacted just in time to save 🧤 the bad backpass
Gregersen - reactive.  not reading the play in advance
Edwards - Doing well to get the ball up pitch.  A couple of bad passes.  
Muyumba - playing well as the DM.  Playing too deep
Brennan - This was his time to shine.  Not earning more looks
Fortune - shows his quality in tight actions.  Can do more
Sanchez - seems to have hit his limit.  He'd be my sub.
Miranchuk - not the player maker tonight.  Can do more.  Shows intent.
Togashi - like his off the ball movement.  Was off on the non-goal.  Didn't get enough time.
Saba - nothing has changed",716,,,,,
4/25/2026 14:18:16,,Halftime,Atlanta not making a change at half.,36,,,,,
4/25/2026 14:19:20,,Halftime,no change for Toronto,21,,,,,
4/25/2026 14:19:52,,Start 2nd Half,start,5,,,,,
4/25/2026 14:20:27,46,2nd Half,Toronto off to a slow start - Atlanta winning balls,51,,,,,
4/25/2026 14:21:22,46,2nd Half,"Miranchuk with the ball on the right. Fortune receives, and is spun off the ball by Sargent - free kick in a dangerous spot",123,,,yes,,
4/25/2026 14:22:36,48,2nd Half,Toronto has their full team behind the ball.  Osorio standing forward in front of the wall,86,,,yes,,
4/25/2026 14:22:50,48,2nd Half,Miranchuk takes it - top left corner goal!  Atlanta 1-0,55,,He beat literally the entire Toronto team on that shot,,,
4/25/2026 14:25:15,50,2nd Half,Atlanta in full control of midfield,35,,,,,
4/25/2026 14:25:33,51,2nd Half,"Edwards with the ball on the right, crosses in.  Sanchez can't get it cleanly",77,,,,,
4/25/2026 14:26:11,51,2nd Half,Báez prevents Etienne Jr. from getting the ball,47,,,,,
4/25/2026 14:26:54,52,2nd Half,Etienne Jr. to Franklin - Berrocal breaks it up for a corner.,61,,Berrocal was reading the game very well,,,
4/25/2026 14:27:29,53,2nd Half,Corner comes in - Fortune and Stian both block a shot.  out for another corner,78,,hectic,yes,,
4/25/2026 14:28:02,53,2nd Half,Atlanta very disorganized at the moment,39,,this was going in spurts,,,
4/25/2026 14:28:18,53,2nd Half,Toronto get the ball into the box.  Osorio hit a floater.  Sargent with a diving header - nearly gets it in!,108,,,yes,,
4/25/2026 14:29:16,54,2nd Half,Edwards got a knee into the thigh - goes down.  Will hurt,57,,didn't affect his play,,,
4/25/2026 14:30:03,55,2nd Half,Toronto suddenly in control.  ATLUTD defending desperately,58,,,yes,,
4/25/2026 14:31:18,56,2nd Half,Etienne Jr. hits Báez lightly in the head.  Báez goes down.  Etienne Jr. lightly kicks Báez in the back of the head.  Didn't look intentional,141,,,yes,,
4/25/2026 14:31:54,57,2nd Half,Báez has scratches on the back of his neck.,43,,,,,
4/25/2026 14:32:36,58,2nd Half,Atlanta prepping subs.  Picault warming up,42,,,,,
4/25/2026 14:32:57,58,2nd Half,"ELL receives a throw-in, chips it central.  Too far.",52,,,,,
4/25/2026 14:33:33,59,2nd Half,Brennan does well to hit the ball up to Fortune,47,,,,,
4/25/2026 14:33:45,59,2nd Half,"Atlanta sub:
on: Picault
off: Brennan",37,,a clear upgrade in quality here,,,
4/25/2026 14:34:25,60,2nd Half,"Sanchez heavy touch to Muyumba, Tristan is stripped of the ball.  Sargent has the ball.  Gregersen breaks it up - but then kicks out at the end.  Free kick in a dangerous spot",175,,"wasn't really a kick-out, but trying to quick twice - ended up kicking Sargent in the shin",yes,,
4/25/2026 14:35:50,61,2nd Half,Free kick goes for goal.  Toronto just misses.,46,,,,,
4/25/2026 14:36:31,62,2nd Half,Berrocal knocks over Etienne Jr. in the corner.,47,,,,,
4/25/2026 14:36:46,62,2nd Half,The past 5-10 min has been all Toronto,38,,,,,
4/25/2026 14:37:30,63,2nd Half,"Franklin is open on the back, has a free header.  Shot, Hoyos stops it",70,,can't be leaving the backdoor open,,,
4/25/2026 14:37:59,63,2nd Half,ATLUTD have given up all control right now.  Barely holding on,62,,,yes,,
4/25/2026 14:39:06,64,2nd Half,Berrocal clears a high ball going past the back line,52,,,,,
4/25/2026 14:39:44,65,2nd Half,"Sanchez up pitch to Edwards.  Back to Edwards, to Gregersen, Muyumba, .....",75,,"trying to slow things down, regain possession",,,
4/25/2026 14:40:23,66,2nd Half,Miranchuk crosses left to Báez.  sends it up to Picault in the box.  Blocked,76,,,,,
4/25/2026 14:40:29,66,2nd Half,"Atlanta calming down, once again gaining control and possession.",64,,,yes,,
4/25/2026 14:41:18,66,2nd Half,"Muyumba to Sanchez, to Picault, backpass to Muyumba - shot from the 18, GOAL.  ATLUTD 2-0",89,,in the run of play,yes,,
4/25/2026 14:43:26,69,2nd Half,Báez breaks up a long ball.  Toronto still in control,53,,,,,
4/25/2026 14:43:43,69,2nd Half,Toronto prepping their last subs,32,,,,,
4/25/2026 14:44:04,69,2nd Half,"Sargent takes a shot - just wide, right.  He remains dangerous. Miranchuk was on him, where were the defenders?",111,,"Mira did well, but why was it him doing this? ",yes,,
4/25/2026 14:45:24,71,2nd Half,Franklin sends in a long ball to the top of the box.  Aristizábal heads it high.  Toronto goal.  2-1 now,104,,,,,
4/25/2026 14:46:11,71,2nd Half,"Toronto subs:
off: Aristizábal, Sargent, Coello
on: Henry, Vilsaint, Bossenberry - from the MLS NextPro team",108,,,,,
4/25/2026 14:47:32,73,2nd Half,Muyumba dribbles all the way to the Toronto backline.  He then recovers the ball in the same area.  Toronto regain control,122,,"bad to lose the ball, good to recover.  but gave up the middle of hte pitch",,,
4/25/2026 14:47:55,73,2nd Half,"Toronto sends in a cross, Hoyos collects and drops to ground.  Needs to slow the game down.",91,,,yes,,
4/25/2026 14:49:15,74,2nd Half,"Toronto player in the box, Henry, open in the right.  Turns past Báez, shot, kisses the left post.",98,,,yes,,
4/25/2026 14:50:30,76,2nd Half,Muyumba through ball to Fortune.  He carries it to the right corner.  Fortune is called for a foul.,99,,,,,
4/25/2026 14:51:16,76,2nd Half,"Atlanta subs:
on: Reilly, Galarza
off:  Sanchez, Miranchuk - captain's armband passed to Muyumba",96,,,,,
4/25/2026 14:51:53,77,2nd Half,Picault switches to the right.  Galarza on the left.,52,,,,,
4/25/2026 14:52:41,78,2nd Half,"Atlanta want to be passing quickly up pitch, but the ball is moving too fast for them",85,,technical ability,yes,,
4/25/2026 14:53:22,79,2nd Half,Galarza is knocked to the ground in the far corner - free kick,62,,,,,
4/25/2026 14:54:17,79,2nd Half,Reilly passes to Hoyos - but it's outside the box,49,,,,,
4/25/2026 14:54:38,80,2nd Half,Muyumba takes out Bossenberry in midfield - slowing things down.,64,,Muyumba on fire by this point,,,
4/25/2026 14:56:02,81,2nd Half,Báez to Galarza who goes through 2.  Cross doesn't find anyone.,63,,,,,
4/25/2026 14:56:37,82,2nd Half,Galarza to Báez into left corner.  Galarza to Berrocal - retaining possession now.,82,,,yes,,
4/25/2026 14:57:40,83,2nd Half,"Picault with the ball on the right, dribbles central.  Stripped of ball.",72,,,,,
4/25/2026 14:58:21,83,2nd Half,Atlanta breaking up all Toronto balls in midfield,49,,,yes,,
4/25/2026 14:59:02,84,2nd Half,"Toronto ball in midfield, sent to left side.  Shot from outside the box.  Hoyos catches",87,,,yes,,
4/25/2026 14:59:16,84,2nd Half,Toronto pressing now,20,,,,,
4/25/2026 14:59:42,85,2nd Half,Ball gets into the box.  Falls to Vilsaint - shot under Hoyos for a goal.  But called off,89,,defenders should have done better here,,,
4/25/2026 15:00:39,86,2nd Half,ELL has mistimed several high balls tonight.,44,,he was jumping early.  this is not a lack of confidence thing,,,
4/25/2026 15:01:06,86,2nd Half,Game is playing out in atlanta's half,37,,,,,
4/25/2026 15:01:29,87,2nd Half,Henry tries dribbling past Galarza - out,40,,,,,
4/25/2026 15:01:37,87,2nd Half,Toronto probing.  All ATLUTD defending,38,,Atlanta protecting the lead,,,
4/25/2026 15:02:06,87,2nd Half,"Toronto get into the box, cross from the back line.  Hoyos collects",67,,,,,
4/25/2026 15:02:57,88,2nd Half,"Picault gets the ball, tries taking it to the corner.  Earns a corner in the process",84,,,,,
4/25/2026 15:03:43,89,2nd Half,6' ET,5,,,,,
4/25/2026 15:04:00,89,2nd Half,All of ATLUTD now realize they need to stall.,45,,,,,
4/25/2026 15:04:11,89,2nd Half,Reilly does very well to force another corner,45,,Reilly was an upgrade over Sanchez,,,
4/25/2026 15:05:37,91,2nd Half,ELL breaks up a Toronto play - earns a foul and a delay.  smart move,68,,,yes,,
4/25/2026 15:05:50,91,2nd Half,Gregersen forced out for a corner.,34,,,,,
4/25/2026 15:06:09,91,2nd Half,All of Toronto coming for the corner.  Including the keeper,59,,Keeper was barely in the net for the remainder,,,
4/25/2026 15:06:44,92,2nd Half,Corner comes in - headed out - shot - knocked over.  Another corner.  Keeper stays up!,86,,,,,
4/25/2026 15:06:54,92,2nd Half,ELL heads the ball out for a corner.  Keeper stays up!,54,,,,,
4/25/2026 15:07:14,92,2nd Half,"Ball in, headed out.",20,,,,,
4/25/2026 15:07:31,93,2nd Half,All Atlanta defending.  Gavran recovers the ball.  he's still up!,65,,,,,
4/25/2026 15:07:59,93,2nd Half,Atlanta try for a breakaway with no keeper.  Galarza is knocked off.  Neither he nor ELL can get the ball,105,,,,,
4/25/2026 15:08:37,94,2nd Half,"Tata screaming at players to push up, pressuring Toronto",56,,,yes,,
4/25/2026 15:08:54,94,2nd Half,Toronto forced to pass back to the keeper,41,,,,,
4/25/2026 15:09:44,95,2nd Half,Toronto free ball finds Henry.  One touch cross bounces across the box.  Hearts in hands - everyone misses.  No goal,116,,,yes,,
4/25/2026 15:09:50,95,2nd Half,last minute,11,,,,,
4/25/2026 15:10:03,95,2nd Half,Reilly working very hard.  pressing hard.,41,,,,,
4/25/2026 15:10:11,95,2nd Half,Galarza on the end of all balls going up,40,,he was the distribution point,yes,,
4/25/2026 15:10:21,95,2nd Half,Toronto keeper with a hugh kick goes into the box.  But Hoyos collects,70,,,,,
4/25/2026 15:10:59,96,2nd Half,Toronto movign the ball up.  Atlanta blocking it all.,53,,,,,
4/25/2026 15:11:13,96,2nd Half,Toronto corner.  probably the last play.  Keeper up again,57,,,,,
4/25/2026 15:11:37,97,2nd Half,Comes in - over everyone's head.  FULL TIME!  Atlanta win 2-1,61,,,,,
4/25/2026 15:12:48,98,Post-Game,"Player Impressions
Hoyos - Distributing well.  stopping what he needs to stop.  no reach
Báez - came up big several times in the last 20 min.
Berrocal - Played very well.  Dominated the back
Gregersen - seemed to play his normal game, and was also the weakest link in the back
Edwards - a few nervy moments.  Very good moving up the right.  In good positions in attack.  Needs to calm down defending
Muyumba - Best game of the year, and a goal
Brennan - needed to show his best today, didn't
Fortune - another quality game.  Is only going to get better with fitness
Sanchez - has leveled off.  
Miranchuk - good on ball movement.  free kick goal.  
Togashi - his 30 min had better off the ball movement than ELL
Latte Lath - forgot he was on the pitch for 20 min.  Can't see what he's giving the team
Picault - tremendous player - hard to keep him off the pitch
Galarza - worked tirelessly on defense.  Had no one to pass to
Reilly - a couple of great plays.  did what he was supposed to do",990,,,,,