Timestamp,Minute,Game Phase,Post,Post Size,Score,Notes,Highlight?,Status
8/28/2026 15:45:41,,Pre-Game,ATLUTD vs Charlotte,19,,,,
8/28/2026 15:46:02,,Pre-Game,"The following players are one caution away from suspension/fine:
Lucas Hoyos, ATL
David Schnegg, CLT
Ashley Westwood, CLT",123,,,,
8/28/2026 15:47:17,,Pre-Game,"Player Availability Report:
Atlanta:
OUT: Mauricio Amaro (VISA Process)
OUT: Jay Fortune (hamstring)
OUT: Embolo (VISA Process)

Charlottle:
OUT: Nimfasha Berchimas (lower body)
OUT: Aron John (upper body)
OUT: Harry Toffolo (lower body)",237,,"Skate Noftsinger is no longer with ATLUTD.
Could be the first move from Culebro.

Organizational change is underfoot.  little over 5 months since Culebro was hired and ~2 months after he formally took over.

Her bio was updated to reflect reporting to Culebro.
She was helping to run ATLUTD in Garth's absense.  

Michael Ridley was named VP of hte team's marketing and fan engagement in Jan 2025",,
8/29/2026 18:55:10,,Pre-Game,Charlotte has come out for warmups,34,,,,
8/29/2026 18:58:57,,Pre-Game,Atlanta has come out for warm-ups.  21 min remaining,52,,,,
8/29/2026 19:02:21,,Pre-Game,Atlanta taking a fairly relaxed approach to warmups.  Just now getting together for rondos,90,,,,
8/29/2026 19:18:40,,Pre-Game,"The traveling Charlotte supporters let out a large cheer for their team, who applauded them back.  
In turn, it's a very light ATLUTD crowd",139,,,,
8/29/2026 19:38:46,-2,Pre-Game,Charlotte in their dark kit.  Atlanta in the olympic kit,56,,,,
8/29/2026 19:40:39,,Start 1st Half,start,5,,,,
8/29/2026 19:40:44,0,1st Half,Charlotte kick off,18,,,,
8/29/2026 19:41:23,1,1st Half,Edwards taking. over Báez's spot on the left,44,,,,
8/29/2026 19:42:57,2,1st Half,Charlotte working the sides,27,,,,
8/29/2026 19:43:06,2,1st Half,Atlanta are playing compact.,28,,,,
8/29/2026 19:44:08,3,1st Half,Atlanta playing dangerously just inside the box.  tricks and short passes.  Jacob is able to blast the ball to the far side to clear.  Picault was nearly stripped of the ball.,175,,,,
8/29/2026 19:44:46,4,1st Half,"Charlotte cross into the box.  they just miss, are unable to connect for a shot.  the Charlotte crowd comes alive.",114,,"dangerous ball.  They had the opportunity.  They have so far had all possession, field position.  Cannot get a shot off.  But it won't be long.",,
8/29/2026 19:47:58,7,1st Half,"Miranchuk got the ball at the arc, turns and sends wide to Jacob.  He had a one-touch cross which sailed across the pitch and out.",130,,,,
8/29/2026 19:49:32,9,1st Half,Saint-Maximin is able to dribble through 4 people in the Atlanta box.  He's eventaully stripped of the ball and goes down.  Atlanta clears.,139,,,,
8/29/2026 19:50:37,10,1st Half,Charlotte are trying to press Atlanta into making a mistake,59,,,,
8/29/2026 19:51:53,11,1st Half,Saint-Maximin out wide gets a cross into the box.  It really feels like a Charlotte goal is coming.,99,,,,
8/29/2026 19:53:24,13,1st Half,Reilly is called for a foul - high boot.  the Charlotte defender dove forward heading the ball.  Started from behind Sanchez.  He had no idea.,142,,,,
8/29/2026 19:54:49,14,1st Half,Atlanta backline is very organized.  Much better than earlier in the season.  Alonso is quick to tell the players to get lined up,129,,The crowd has been booing Tim Ream.  Really not sure why.,,
8/29/2026 19:57:48,17,1st Half,Charlotte break into the box.  Toklomati is about to shoot.  Hoyos is just barely able to get there in time.  The ball pops out.  Saint-Maximin tries to get it.  Atlanta clear.  Charlotte should have scored there,212,,,,
8/29/2026 19:58:18,18,1st Half,"Charlotte high cross in the box.  Toklomati header, head to head with Díaz who goes down.",89,,,,
8/29/2026 19:59:57,19,1st Half,"altanta having a lot of difficulty.  are occasionally able to to get the ball in the final third, but cannot get a shot off.",124,,,,
8/29/2026 20:01:00,20,1st Half,"Almirón sends a high ball into the box from the right.  Picault leaping, but Kahlina collects before a flying Picault.",118,,,,
8/29/2026 20:01:37,21,1st Half,Reilly moving the ball easier now.  moving from left to right.  has more space.,79,,,,
8/29/2026 20:01:57,21,1st Half,"Alonso on the ball, stands still for about 5 seconds.  Charlotte didn't press at all.",85,,,,
8/29/2026 20:02:07,21,1st Half,Charlotte goal.  Saint-Maximin running down the left sends a cross in.  it goes to Abada on the right who taps it back into the middle.  Toklomati with an easy tap-in.,167,CLT 1-0,,,
8/29/2026 20:03:59,23,1st Half,Díaz tends to pass well in front of his target.  He clearly wants his teammates to run forward onto the ball,108,,,,
8/29/2026 20:05:09,25,1st Half,"Edwards very active on the left side. working hard to defend, then moves the ball forward to tries to cross the ball.",117,,,,
8/29/2026 20:05:23,25,1st Half,"Miranchuk collects in the middle, out side to Edwards.  The cross goes far.  Charlotte puts it out for a corner",111,,,,
8/29/2026 20:06:34,26,1st Half,Atlanta are losing their shape now.  Tata is urging the team to move forward.,77,,,,
8/29/2026 20:08:01,27,1st Half,"Charlotte take a fast freekick over the top.  Abada rushes down the right.  Berchimas duel, who is able to finally strip the ball and send to Hoyos.  He passes to his only target - Jacob on the right.  Atlanta out of danger",223,,,,
8/29/2026 20:08:38,28,1st Half,"Miggy at the arc gets a ball.  He tries to shoot, 2 Charlotte players pounce and block.",87,,,,
8/29/2026 20:09:00,28,1st Half,Atlanta now with a 2-man backline - Muyumba and Reilly,54,,,,
8/29/2026 20:10:58,30,1st Half,"Atlanta in a back 3.  Alonso, Picault, Díaz.  Picault on the left.  Atlanta may be trying to disrupt Charlotte.",111,,,,
8/29/2026 20:12:04,31,1st Half,"Reilly, Sanchez getting room in the center.  able to pass freely.  But still having trouble getting the ball up the pitch",121,,,,
8/29/2026 20:12:48,32,1st Half,"Picault standing on the ball at the 11.  He tries to decide what to do, ends up passing it direclty to the Charlotte player in from of him.",139,,,,
8/29/2026 20:13:29,33,1st Half,"Charlotte break off that bad play.  Toklomati on a break getts past Díaz.  he tries to twist and turn around Hoyos. it looks like a certain goal.  Hoyos dives to this right, gets the ball and takes down Toklomati.  Ball dribbles clera.  Atlanta blasts it forward.  Charlotte crowd are clammoring for a penalty shot.  From here, it looked like they could have a case.  But Hoyos is able to cleanly pull the ball off of Toklomati's boots.  Perfect play.",451,,top save.  should have been a goal,,
8/29/2026 20:16:13,36,1st Half,Ball into the center to Muyumba.  he tries turning with it and loses the ball.  Charlotte are able to break off another Muyumba misplay,135,,,,
8/29/2026 20:17:01,36,1st Half,Almirón and Picault on the left.  Sanchez acting up top,55,,,,
8/29/2026 20:17:31,37,1st Half,Muyumba tries a one-time shot from the arc.  Goes off Schnegg's back for a corner,81,,,,
8/29/2026 20:18:03,37,1st Half,"off the corner.  the ball finds Sanchez, then Muyumba again.  he's got time from about 30 yards.  lines up.  curls the ball just over the bar",141,,,,
8/29/2026 20:18:37,38,1st Half,"Atlanta player down.  face down on the turf.  not moving.  it's odd though as Atlanta doesn't look concerned. The Atlanta staff are going nuts.
Díaz landed hard after trying a flying header.",190,,,,
8/29/2026 20:20:02,39,1st Half,Looks to be Díaz who is down,28,,,,
8/29/2026 20:20:28,40,1st Half,He's up now.  walking gingerly off the pitch,44,,,,
8/29/2026 20:21:54,41,1st Half,Díaz back on the pitch,22,,,,
8/29/2026 20:22:34,42,1st Half,Díaz long ball up the right to Miranchuk.  He can't get the ball under control and passes it to Charlotte,105,,,,
8/29/2026 20:23:44,43,1st Half,"all Atlanta players come back to defend corners.  They need the manpower, but it also prevents any kind of clearance.  Charlotte are easily able to send the ball back into the box",179,,,,
8/29/2026 20:25:42,45,1st Half,"Jacob sends a ball into the box - way too close to the keeper, also considering no Atlanta player is near",105,,,,
8/29/2026 20:25:43,45,1st Half,3' stoppage,11,,,,
8/29/2026 20:27:11,47,1st Half,Miranchuk with another giveaway.  He tried a one-touch kick behind him up the pitch,83,,,,
8/29/2026 20:28:29,48,1st Half,"Muyumba on the ball tries to run up, doesn't find. apath.  He sends it back to Picault who is playing as the LB.  It's a bad ball, and Picault loses it.   Abada sends the ball into the center.  Alonso stretches very wide to tap it away from a player.  great block",263,,,,
8/29/2026 20:28:53,48,1st Half,Atlanta are running into the box.  Miranchuk has the ball and is taken down.  Charlotte player Diani gets a 🟨.  Atlanta free kick,130,,,,
8/29/2026 20:29:29,49,1st Half,"This free kick will be the last play of the half.  Miggy stands over it, and will go for goal.  can't get it over the wall",122,,,,
8/29/2026 20:30:23,50,1st Half,Charlotte break down their left.  SHot on goal which Hoyos is able to drive and prevent a goal.,95,,,,
8/29/2026 20:31:06,,Halftime,stop,4,,,,
8/29/2026 20:30:47,,Halftime,Westwood and Abada are questioning the AR Ref.  right in his face.,66,,,,
8/29/2026 20:36:32,,Halftime,"Player Impressions:
Hoyos - has made two game-saving plays.  Along with a couple more good blocks.  He's the reason the score is only 1-0
Edwards - He's actually been the best defender tonight.  In a new position, doing well on defense, and tries moving up the pitch to kick-start attacks.
Alonso - Has come up big defensively a few times.  Organizing the back wall.  But easily getting beaten as well.
Díaz - Charlotte aren't having a lot of trouble getting past him.  he has nice distribution 
Jacob - Has an eye for senidng the ball up the pitch.  But I cannot think of a single good cross he's made.  They're wild
Sanchez - a few glimpses of control, then is beaten by movement he should be seeing in advance
Reilly - outclasses in midfield.  I'd bring on Gill for him in the 2nd
Muyumba - he may very well come up with another outstanding goal with blinds things.  but right now, he's mainly giving the ball to Charlotte
Almirón - Charlotte are doing well to mark him.  he's been quiet
Picault - He's popping up in locations before I see him move.  Doing nothing in the final 3rd
Miranchuk - He is having yet another quiet day.  Badly misplayed balls, one run where he was taken down.  It seems his midseason good form may have been the anomoly",1249,,,,
8/29/2026 20:45:11,,Halftime,Atlanta making a sub.  Looks like Gill,38,,"Gill was stripping out of his penny, then was sent back to the corner",,
8/29/2026 20:46:29,,Start 2nd Half,start,5,,,,
8/29/2026 20:46:48,45,2nd Half,Tata with his customary walk onto the pitch to touch the grass,62,,,,
8/29/2026 20:48:51,47,2nd Half,"Charlotte goal.  Almirón with a bad giveaway.  He was trying to strip a ball, but sent it to a Charlotte player.  It's passed to Saint-Maximin, who sends it forward.  Charlotte going up in numbers, fast.
Diani sends the ball to the right to Abada.  He takes a long curling shot which curls around Hoyos into the far corner of the net.",334,Charlotte 2-0,,,
8/29/2026 20:52:22,51,2nd Half,Edwards has been pushed up to the left wing.  Sanchez is often filling in as LB when needed,91,,,,
8/29/2026 20:52:42,51,2nd Half,Muyumba with a light shot from outside the 18.  Kahlina with a jumping save 🧤,78,,,,
8/29/2026 20:53:47,52,2nd Half,Atlanta are rushing every pass.  starting to make their own mistakes,68,,,,
8/29/2026 20:55:24,54,2nd Half,"Reilly does well to get the ball and dribbles up the center, then a through ball to Jacob on the right.  He sends a ball to no one.  Edwards was closest but wasn't expecting the ball.  Out for a goalkick",203,,,,
8/29/2026 20:56:37,55,2nd Half,"Atlanta making 3 subs.  I see Gill, Santos, Alzate",50,,,,
8/29/2026 20:58:17,57,2nd Half,"Jacob running down the right.  Saint-Maximin tries to slide the ball away, but Jacob continues his run.  Gets to the ball past the 18, crosses, again to no one",159,,,,
8/29/2026 20:59:21,58,2nd Half,Jacob crosses to Charlotte again.  They nearly break but he comes back for a block and retrieves it.,100,,,,
8/29/2026 21:00:05,59,2nd Half,Díaz breaks up a play at the half,33,,,,
8/29/2026 21:00:31,59,2nd Half,2 Charlotte players try to stick a leg in an dsteal Muyumba's ball.  he dances around them,90,,,,
8/29/2026 21:01:40,60,2nd Half,"Edwards gets the ball on the left wing, he takes time and sends it into the center at the 6.  Kahlina dives forward to smother.  It was a good cross but no player close enough",175,,,,
8/29/2026 21:02:42,61,2nd Half,"Picault on the left wing now, sends a cross in.  BUt behind Miggy",65,,atlanta subs have been waiting 5 min,,
8/29/2026 21:03:57,62,2nd Half,Edwards running hard to get a 1st ball.  Charlotte are there first.  Edwards stays down with a cramp,100,,,,
8/29/2026 21:04:37,63,2nd Half,"Atlanta subs:
off:  Reilly, Muyumba, Picault, Edwards
on:  Gill, Alzate Santos, Hernández",89,,Edwards called for a sub.  ,,
8/29/2026 21:05:58,64,2nd Half,Hernández playing as LB now.,28,,,,
8/29/2026 21:06:44,65,2nd Half,Goodwin dribbles with imunity towards the 18.  He takes a shot.  Gill sticks a foot behind him for the block.  out for a corner,127,,,,
8/29/2026 21:07:28,66,2nd Half,Atlanta making another sub - Dolvo coming,41,,1st team debut,,
8/29/2026 21:10:30,69,2nd Half,Atlanta cannot get the ball out of the 18.  backs against the ball.  Charlotte having fun,89,,,,
8/29/2026 21:11:01,70,2nd Half,"Atlanta sub:
on: Dovlo
off: Almirón",35,,,,
8/29/2026 21:12:13,71,2nd Half,"Charlotte attack, Hernández takes down Toklomati in the box.  No call.  Hernández comes out slightly limping.  Looked knee ot knee",130,,,,
8/29/2026 21:14:36,73,2nd Half,"Miranchuk sends the ball up the left wing to Dovlo.  He gets a cross in, but Charlotte have denders in",102,,,,
8/29/2026 21:15:15,74,2nd Half,Santos trips over Ream and goes down off the ball.,50,,,,
8/29/2026 21:16:03,75,2nd Half,"Dovlo with the ball runs forward.  Charlotte player in his way.  He stops the ball, turns around, and gets a pass off.  It was too far, but a pretty turn and heads up play",171,,,,
8/29/2026 21:17:38,76,2nd Half,"Saint-Maximin and Diani wide open on the left.  Charlotte easily get a ball to them.  Miranchuk with absolutely no pressure.  He looks like he either can't be bothered, or has no energy",185,,,,
8/29/2026 21:17:42,76,2nd Half,Charlotte makes 3 subs,22,,,,
8/29/2026 21:18:46,77,2nd Half,"Santos tries to get the ball up the wing, slips on the ball.  Has to send it backwards",86,,,,
8/29/2026 21:20:30,79,2nd Half,"back and forth ball between Miranchuk and Alzate. Miranchuk sends a cross in.  Alzate can't get a tap on it.  He was in promising position. 
Miranchuk attemps a one-touch left footed shot.  He blasts it skimming over the post to oohs from the crowd.  Had the keeper beaten",272,,,,
8/29/2026 21:22:21,81,2nd Half,Atlanta's formation has been better since the 5 subs.  still can't get a shot off.,82,,,,
8/29/2026 21:23:13,82,2nd Half,Charlotte breaks.  Charlotte player runnning onto goal.  Gill blocks a ball.  Goodwin comes running on for the loose ball.  Gill with another block!  Really nice heads-up play,175,,,,
8/29/2026 21:23:31,82,2nd Half,Gill with a shot from outside the corner of the 18.  Forces a save 🧤.  Gill is making his case to start every game,115,,,,
8/29/2026 21:24:41,83,2nd Half,Dovlo looking strong on the wing,32,,,,
8/29/2026 21:25:30,84,2nd Half,Charlotte sub,13,,,,
8/29/2026 21:26:33,85,2nd Half,Charlotte breaks but immediately taken down by Gill.  He earns a 🟨.,68,,,,
8/29/2026 21:28:00,87,2nd Half,"Alzate sends a ball to Jacob.  Sends a floating cross, but behind the runner.  again",84,,,,
8/29/2026 21:29:10,88,2nd Half,Sanchez with a nice dance to send to Dovlo.  Ball is sent quickly in.  Comes to Jacob.  He cannot find a target.  Tries a shot.  Blocked.  Santos tries a shot and it bounces off a Charlotte defender,198,,Atlanta have no luck and cannot find their own players,,
8/29/2026 21:31:06,90,2nd Half,"Charlotte running in numbers.  Right winger with the ball.  Sends a cross in.  Díaz with an awkward movement is able to clear it.  Nice block.  He's got the worse of it, but did what he had to do.",196,,,,
8/29/2026 21:31:52,90,2nd Half,"ALl kinds of danger in the box.  Jacob tires a cleraance, skies it straight up.  really high.  still up there.  it comes back down nearly on top of him.  Charlotte curls around Hoyos and sends it in.
But the Ref indicates offsides.   A comedy of errors in which neither team can do what they want to do.",303,,,,
8/29/2026 21:31:55,90,2nd Half,6' stoppage,11,,,,
8/29/2026 21:33:23,92,2nd Half,"Charlotte fans singing ""na na na nah hey hey hey, goodbye""",58,,Amaro's visa has been approved,,
8/29/2026 21:35:55,94,2nd Half,"Gill with a run up the pitch, dances over Charlotte who sticks a leg in and he keeps going.  Passes to Santos, sends it out wide to Dovlo.  Good movement",153,,,,
8/29/2026 21:36:45,95,2nd Half,Alonso is acting as the right winger.  Sends a cross in,55,,,,
8/29/2026 21:38:00,97,2nd Half,Charlotte break - should have scored.  Díaz is able to run out of nowhere to strip the ball off the runner.  THis was inside the 18.,132,,,,
8/29/2026 21:38:02,,Final Whistle,stop,4,,,,
8/29/2026 21:39:12,,Post-Game,Santos and Jacob look to be arguing at the circle,49,,,,
8/29/2026 21:40:04,,Post-Game,The benz clears out quickly.  The fans have seen enough,55,,,,
8/29/2026 21:40:19,,Post-Game,Atlanta at least go over the supporter's section and thanks the remaining fans,78,,,,
8/29/2026 21:40:47,,Post-Game,Charlotte players salute their fans who have been loud nad active throughout,76,,,,
8/29/2026 21:41:02,,Post-Game,"Player Impressions:
Hoyos - nothing outstanding in this half.  couldn't stop the goal.  Charlotte with only 1 shot on target this half
Jacob - a wasteful night.  was clearly pushed up the pitch.  BUt provided nothing in attack.  His crosses hurt the team more than they helped
Díaz - some real intelligent play in defense.  works very hard and already seems to care deeply.  He wasn't able to connect with the midfield to start counters.
Alonso - ineffective due to his and Charlotte's speed difference
Edwards - good not great.  Which puts him as the best defender as he was providing output up the pitch
Sanchez - had a few moments, but it wasn't his best game.  kept quiet by Charlotte
Reilly - Seems to have hit his level.  Gill is clearly the bettter midfielder.  He may have seen his last game for a while
Muyumba - gave away several balls.  had maybe one shot.  
Miranchuk - Frustrating to watch him tonight.  Had some bad plays and looked out of sorts.  He seemed out of gas which is odd as they had the full week off
Picault - another quiet game.  Charlotte knew how to mark him.  He kept going deeper and deeper to get involved.  Couldn't get the ball to connect with the front line.
Almirón - This was the Miguel of prior to the world cup.  Slow, inefective crosses.  uninspiring.  
Gill - A vast improvement in midfield. Able to read the ball movement really well.  It's difficult to get a ball past him.
Hernández - called in with little notice and put into his unnatural position.  couldn't cope with the Charlotte winger, but no one could
Alzate - brought in to try and stabilize midfield.  wasn't able to, and looked clumsy in attack
Santos - The only positive thing I remember were two side footed flicks out to the wing.  Otherwise, easily knocked off the ball, to the ground.  Even slipped.
Dovlo - a positive debut.  Looked hungry and got in some crosses.  Increased the quality of attack.",1909,,,,