Timestamp,Minute,Game Phase,Post,Post Size,Team,Notes,Highlight?,Status,Notes-old
,,Pre-Game,ATLUTD vs LA Galaxy,19,,,,,
,,Pre-Game,"Officials: - wearing neon orange tonight.
Referee: Fotis Bazakos
Assistants: Jeffrey Swartzel, Nick Balcer
Fourth Official: Sergii Demianchuk
VAR: Kevin Terry Jr.
AVAR: Tom Felice",179,,They would become a factor tonight,,,
,,Pre-Game,"LA Galaxy Availability Report
Player | Injury/Suspension | Status
Julian Aude | Ankle | Out
Joao Klauss | Foot | Out
Matheus Nascimento | Thigh | Out",149,,,,,
,,Pre-Game,"ATLUTD Availability Report
Player | Injury/Suspension | Status
Miguel Almirón | Knee | Questionable
Steven Alzate | Adductor | Out
Ronald Hernández | Abdomen | Questionable",172,,Miguel didn't even make the bench.  Amid rumors.,,,
,,Pre-Game,https://www.mlssoccer.com/competitions/mls-regular-season/2026/matches/atlvsla-05-09-2026,89,,,,,
5/9/2026 18:58:48,-42,Pre-Game,ATLUTD will play its next home game in 97 days.  This is due to the World Cup.  The grass is being removed after this game.,123,,left the fans in a bad note,yes,,
,,Pre-Game,"From Doug Roberson:
Following the exit from Concacaf Champions Cup, the Galaxy have slowly picked up results and performances. They have shifted from being a very ball-oriented team to a more compact, defensive-structured team that focuses on allowing the front players to try to gain advantages with their quality. They regularly have less than 50% of the ball in games.
Build-up usually starts from central defenders, with a comfort factor with both Jakob Glesnes and Justin Haak or Carlos Emiro Garces trying to start each phase.

Fullbacks are very attack-minded, but the left back can also stay low to build in a back-three system.

Edwin Cerrillo usually anchors the midfield (Haak can also play there ) and is always an option to try to control play. Ahead of him and dependent on where Marco Reus plays, they have dangerous attackers with pace and abilities to take players on.

Both wide players, Joseph Paintsil and Gabriel Pec, will run off the ball behind defenses.

Joao Klaus is key for them if fit because he provides a platform, is an excellent goal-scorer and always has a desire to get in the box.

Reus gets given ball by all the players because he is the cog of the team showing how easy the game looks like with short, simple passes and movements.
They look to spend a lot of time in the mid-block as a default.
Attacking transition: Very dangerous with pace and power. Wide players extremely dangerous breaking quickly and directly, often linking with Klaus and though Reus passing range.",1510,,,,,
,,Pre-Game,LA begin warmup with 25' remaining,34,,,,,
,,Pre-Game,ATLUTD come out for warmup.  22' remaining.,43,,2nd time ATLUTD has come out late to warm-ups.  A worrying trend.,,,
,,Pre-Game,Fafà Picault recevied a jersey on pitch representing his 250th match.,69,,,,,
,,Pre-Game,ATLUTD warming up with long balls,33,,,,,
,,Pre-Game,"Galaxy warming up with a very large game of keepaway.  Between each drill, they are doing leg stretches.",104,,,,,
,,Pre-Game,"Hoyos came out of warmup early.  slowly walking ot the tunnel, with about 5' to go.",83,,,,,
,,Pre-Game,"ATLUTD wearing the Spirit of 96 kit.  LA in blue.  The refs, in neon orange, will not be mistaken.",98,,,,,
5/9/2026 19:41:16,0,Start 1st Half,start,5,,,,,
,1,1st Half,LA begin with a long ball into the box.  They hope to put ATLUTD on the back foot.,82,,,,,
,5,1st Half,"Saba gets the ball up the right.  the crowd dcheers.  He turns in the corner, sees no one.  And has to take it slowly before passing, when ELL finally catches up",161,,This was a game where ELL had to impress,,,
,7,1st Half,LA is trying to stretch the game wide.,38,,they played htis way all game,,,
,8,1st Half,"ELL received the ball at the half line.  Passes in front of Saba.  They run in tandom towards the box.  ELL veers to the 6.  Saba in the corner.  They can't sync up, but it looked good",184,,,yes,,
,9,1st Half,Paintsil brings the ball into the corner and then towards goal.  He can't do anything with it as Stian tracks him the full way and puts it out.,143,,,,,
,10,1st Half,Tomás goes in for a long slide and prevents a cross.,52,,,,,
,11,1st Half,Miranchuk receives under pressure - taps to Tomás who pops it over the top back to Miranchuk.  Nice teamwork,108,,,yes,,
,12,1st Half,Báez prevents an LA break,25,,getting better on defense,yes,,
,13,1st Half,ATLUTD keeping the ball in LA 's half,37,,,,,
,14,1st Half,Tomás on the right passes to Saba on the arc.  He twists and tries a volley which goes over.,92,,,yes,,
,15,1st Half,"an ATLUTD player puts a ball too far over the top, and it goes out.  Cooper turns and tells his teammates to calm down.",119,,showing early leadership,,,
,16,1st Half,ATLUTD content to play a slow buildup.  The Galaxy don't want to press.,71,,,,,
,17,1st Half,"long ball finds Paintsil.  He gets into the box.  Stopped by Stian, and then stripped of the ball by Tomás",106,,,,,
,18,1st Half,Sanchez fouls LA,16,,,,,
,19,1st Half,ATLUTD backline to midfield working well as a group,51,,,,,
,19,1st Half,Tristan long ball to Saba - goes under his foot and out,55,,technical limitations,,,
,20,1st Half,Berrocal reads a throughball and prevents a breakaway,53,,,,,
,21,1st Half,Sanchez ball finds ELL in the box. He can't keep it at his feet,63,,technical limitations,,,
,22,1st Half,"Saba in the box, turns left, then right.  Shoots just wide across goal.",71,,,yes,,
,23,1st Half,"Báez one touches a long ball, prevents a run",44,,,yes,,
,24,1st Half,"ELL along the ATLUTD 18, breaking up a play.  Not sure why he's there.",70,,,,,
,25,1st Half,"ATLUTD have had several corners, but not making the most of them.  LA is the first to each.",91,,reoccurring theme,yes,,
,26,1st Half,Cooper Sanchez with a slide tackle from behind strips the ball from a player.  It goes up pitch to another.  Stian takes his down and gets a 🟨 for it.  He wasn't happy about the call.,184,,the start of the cards,yes,,
,27,1st Half,LA player goes down after the play holding his head.  The Ref gives Cooper a 🟨.  Several ATLUTD players discussing it with the Ref.,132,,no one was happy here,yes,,
,28,1st Half,Pec goes down.  This time Berrocal sees 🟨.,43,,,yes,,
,30,1st Half,LA keeper holds onto the ball too long.  Galarza nearly strips it off him.,74,,,,,
,31,1st Half,"ELL is playing too deep.  Wants to get the ball, but isn't there for distribution.",82,,playing out of position,,,
,32,1st Half,LA send a cross along the 6.  Ahead of the target.  First real sign of danger.,78,,,yes,,
5/9/2026 20:14:16,33,1st Half,ATLUTD player goes down.  Ref indicates his head.  It was ELL.  ATLUTD players are asking for a card.,101,,,,,
5/9/2026 20:15:32,34,1st Half,ATLUTD are playing frustrated right now.  Losing their tactics,62,,this carried over into the 2nd,yes,,
5/9/2026 20:18:07,37,1st Half,Tristan gets into the box.  But kicks right into an LA player.,62,,,,,
5/9/2026 20:18:19,37,1st Half,Galaxy now pushing up field.  ATLUTD have lost all control,58,,,yes,,
5/9/2026 20:19:28,38,1st Half,"Ball comes across the box - Hoyos stops it.  It bounces forward.  It's a race between him, Berrocal, and LA to get to the ball first.",133,,,yes,,
5/9/2026 20:21:25,40,1st Half,"Miranchuk breaks up a play in midfield.  He, Sanchez, ELL go up on a 3-on-3.  ELL can't get past his man.",105,,,yes,,
5/9/2026 20:21:32,40,1st Half,ATLUTD corner,13,,,,,
5/9/2026 20:21:36,40,1st Half,ATLUTD goal.  1-0.  Berrocal with a backdoor header.,52,,need to see film,yes,,
5/9/2026 20:22:23,41,1st Half,There is immediate question  - it looks offsides.,49,,Immediate confusion.  stadium announcer delays his call.  ,,,
5/9/2026 20:22:50,42,1st Half,"It has been ruled offsides.  No, Galarza was offsides, and blocking the keeper.",79,,GK should have done much better in reading hte flight of hte ball.  But was impacted by Galarza,yes,,
5/9/2026 20:23:49,43,1st Half,Tata just stepped onto the pitch.  Ref stopped the game to send him back.  The bench received a 🟨.,99,,,yes,,
5/9/2026 20:25:30,44,1st Half,ATLUTD trying to regain their composure.  Their halftime will be a lot of primal screams.,89,,,yes,,
5/9/2026 20:26:32,45,1st Half,3' stoppage,11,,,,,
5/9/2026 20:27:53,47,1st Half,"Everyone going to ground now.  Tackles, slides, trying to get cards from the Ref.",81,,,yes,,
5/9/2026 20:28:23,47,1st Half,Now the LA bench gets a 🟨,26,,,yes,,
5/9/2026 20:29:43,48,Halftime,the full ATLUTD team wants to discuss things over with the Ref at the whistle,77,,,yes,,
5/9/2026 20:30:01,49,Halftime,The LA coach walks up to the Ref.  He's warned to go back.,58,,,,,
5/9/2026 20:30:27,,Halftime,Neither side is happy with the Ref tonight,42,,,yes,,
5/9/2026 20:35:30,,Halftime,"Player Impressions:
Hoyos - has kept the ball out of the net.  Not doing anything special.
Tomás - breaking up pays, sending the ball foward.  Has an eye for the attack.
Gregersen - a couple of good recovery runs
Berrocal - Solid on the backline.  
Báez - playing well in launching attacks.
Muyumba - playing well as the DM.  
Sanchez - Making good runs, and looking for the attack.  Needs to calm down.
Galarza - occasionally pops up, but otherwise not affecting the game
Miranchuk - not as dynamic as the past few games
Saba - playing well when moving up pitch.  Keeps overhitting the ball.
Latte Lath - Coming too deep to get the ball.  Not technical enough when taking a shot",679,,,,,
5/9/2026 20:42:39,,Halftime,ATLUTD come out nearly 3 min early from the locker room.,56,,,,,
5/9/2026 20:45:07,,Start 2nd Half,start,5,,,,,
5/9/2026 20:47:42,48,2nd Half,"Latte Lath to Tristen, to Miranchuk, to Saba.  He runs into the box.  Plenty of time for a shot.  He instead tries to cross - right into his mark.  Promising attack goes wanting.",178,,,yes,,
5/9/2026 20:48:04,48,2nd Half,Berrocal nearly gets his header goal afterall.  But goes wide this time.,72,,,yes,,
5/9/2026 20:49:12,49,2nd Half,ATLUTD have been giving up corners.  Need to be careful - Galaxy are threatening,80,,,yes,,
5/9/2026 20:50:32,50,2nd Half,LA Galaxy have control so far in the 2nd half,45,,,,,
5/9/2026 20:51:31,51,2nd Half,Galarza bad backpass is read by LA.  Becomes a 1 on 1.  Hoyos is able to block just in time.,92,,,yes,,
5/9/2026 20:52:05,52,2nd Half,nothing is working for Atlanta right now,40,,"miss-passes, bad plays, bad bounces",yes,,
5/9/2026 20:52:47,53,2nd Half,"Tristen with a beauty of a steal / backheel combo to stop a run, get the ball, and pass up to ELL",97,,,yes,,
5/9/2026 20:53:02,53,2nd Half,ELL is taken down.  🟨 card to Glesnes,38,,,,,
5/9/2026 20:54:37,54,2nd Half,"Sanchez collects a ball, keeps it from LA - passes to Tomás.  He loses it immediately",85,,,,,
5/9/2026 20:55:04,55,2nd Half,"Ball to Latte Lath, he runs into the box.  shoots, goal.  but well offsides.  still 0-0",87,,he was at least pushed up,yes,,
5/9/2026 20:55:52,56,2nd Half,Tristen with another long slide from behind to steal a ball.,60,,he was playing well most of the game,yes,,
5/9/2026 20:56:24,56,2nd Half,Long ball over the top.  Latte Lath and Marcinkowski rushing to get there.  Marcinkowski blasts it clear.,105,,ELL looked slow tonight.  His speed was once a defining feature,yes,,
5/9/2026 20:57:32,57,2nd Half,"Miranchuk with a nice through ball to Latte Lath.  He turns around a player.  takes to long, and his chance is gone.  Blocked shot.",131,,Last week was a fluke,yes,,
5/9/2026 20:58:09,58,2nd Half,Atlanta prepping a sub,22,,,,,
5/9/2026 20:58:28,58,2nd Half,"Báez up pitch , passes back to tristen, then to Saba.  Attack fizzles out.",74,,"good passing, easily lost possession in final 3rd",,,
5/9/2026 20:59:07,59,2nd Half,LA shot across goal goes wide,29,,,,,
5/9/2026 20:59:58,60,2nd Half,"Atlanta sub
off: Galarza
on: Fortune",36,,,,,
5/9/2026 21:00:32,60,2nd Half,LA prepping a sub,17,,,,,
5/9/2026 21:01:31,61,2nd Half,"Fortune gets the ball immediately, takes it into the left corner.  Passes back, it's crossed to Tomás.  Tomás one -times a shot which goes off the post",151,,Fortune makes an immediate impact,yes,,
5/9/2026 21:02:26,62,2nd Half,LA with a shot from the left goes over the bar,46,,,,,
5/9/2026 21:03:50,64,2nd Half,Game is mostly being played in atlanta's half,45,,,,,
5/9/2026 21:04:37,65,2nd Half,"LA sub:
on: Reus
off: Haak",26,,,,,
5/9/2026 21:05:20,65,2nd Half,Stian is beaten - LA runs him in a circle,41,,"without his speed, he has been subpar",,,
5/9/2026 21:05:37,65,2nd Half,Atlanta prepping 2 subs,23,,,,,
5/9/2026 21:07:28,67,2nd Half,Miranchuk cross finds Sanchez.  it's deflected out for a corner.,64,,"Miranchuk is finding players quickly, setting them up",,,
5/9/2026 21:08:33,68,2nd Half,"Saba shot - deflected towards goal, but still blocked",53,,,,,
5/9/2026 21:09:28,69,2nd Half,"Báez nifty nutmeg.  Passes to Fortune.  He dribbles along the 18, picks his moment, shot -  Curling shot goes around the keeper to the right corner.  Goal.  Atlanta 1-0",168,,in the game for 9 min,yes,,
5/9/2026 21:10:15,70,2nd Half,Fortune runs to the sidelist to hug the athletic trainer.,57,,first goal since returning from injury,yes,,
5/9/2026 21:10:36,70,2nd Half,"Atlanta sub:
on: Togashi, Brennan
off: Latte Lath, Saba",55,,"Atlanta needs a goal, and the starting striker subbed",,,
5/9/2026 21:11:29,71,2nd Half,Sanchez looks to have face-planted an LA player to the ground.  Ref lets the play go on.  He passes to Miranchuk.  Shot goes just wide.,135,,not sure why this wasn't a foul,,,
5/9/2026 21:12:28,72,2nd Half,"Tristen had the ball - 2 LA players in separate attempts nearly strip him of the ball.  he keeps it close, and manages to get it forward, and still able to make the pass",169,,Tristen had duct taped the ball to his boots,yes,,
5/9/2026 21:12:48,73,2nd Half,"LA sub:
on: Paintsil, Thommy
off: Sanabria, Miller",50,,,,,
5/9/2026 21:13:52,74,2nd Half,"Reus with a breakaway, passes to Pec on the right wing.  Báez tries a slide from behind but misses.  1-on-1 with the keeper.  Shot, score.  1-1",143,,"ATLUTD were too high, looking for another goal",yes,,
5/9/2026 21:15:01,75,2nd Half,Stian is getting knocked to the ground on subsequent plays.  He is looking tired,80,,As Five Stripe Final points out - he's hit his limit at this time,yes,,
5/9/2026 21:15:26,75,2nd Half,"Miranchuk gets the ball centrally, beautiful ball out wide to Galarza.   He's the central playmaker on the next several plays",125,,,yes,,
5/9/2026 21:17:00,77,2nd Half,"Miranchuk trying to pass to Togashi.  They can't get on the same page yet, but it's close",89,,,,,
5/9/2026 21:18:57,79,2nd Half,"Reus along the right.  3-on-2 now.  He passes centrally.  Initial shot is blocked, but LA are first to the follow-up.  Pec shot, it's put in.  LA 2-1",149,,,yes,,
5/9/2026 21:20:03,80,2nd Half,"For a brief moment after the ATLUTD goal, Atlanta looked hungry and ready to score.  That's turned completely",109,,,yes,,
5/9/2026 21:20:37,81,2nd Half,Atlanta prepping 2 subs.,39,,,,,
5/9/2026 21:21:59,82,2nd Half,"LA breakaway.   A speeding runner takes down Báez easily, turns to shoot.  Stian runs over to clear.",100,,This is Stian's power move,,,
5/9/2026 21:22:57,83,2nd Half,"Atlanta subs:
off: Sanchez, Berrocal
on: Mihaj, Santos",54,,,,,
5/9/2026 21:25:12,85,2nd Half,"Santos has taken the DM role, with Muyumba pushing higher.  This was only temporary",83,,,,,
5/9/2026 21:26:00,86,2nd Half,"Berrocal with a giveaway, nearly costly.  But he's able to recover.",67,,,,,
5/9/2026 21:26:15,86,2nd Half,LA breakaway on the right again.  Pec shoots just over,54,,it could have been worse,yes,,
5/9/2026 21:26:36,86,2nd Half,LA prepping a sub,17,,,,,
5/9/2026 21:27:52,88,2nd Half,LA cross in the box.  Hoyos is able to block then collect,57,,Hoyos is able to stop anything hit directly at him,,,
5/9/2026 21:29:02,89,2nd Half,Another LA break.  Initially a 3-on-2.  Mihaj is able to get in there to stop the final shot,92,,LA coming in waves,yes,,
5/9/2026 21:29:16,89,2nd Half,Brennan staying wide.  Getting crowsses in,42,,,,,
5/9/2026 21:30:30,90,2nd Half,Miranchuk sends in a cross to Santos. Header goes wide,54,,,,,
5/9/2026 21:30:40,91,2nd Half,"LA sub:
on: Yoshida
off: Paintsil",33,,,,,
5/9/2026 21:31:53,92,2nd Half,"On balls over the top, ATLUTD playing with 3 targets.  Santos, Togashi, Brennan",79,,,,,
5/9/2026 21:33:09,93,2nd Half,6' of stoppage,14,,,,,
5/9/2026 21:35:47,96,2nd Half,LA are managing the final minutes very well,43,,,,,
5/9/2026 21:36:34,96,2nd Half,Fortune and Miranchuk with nice footwork at the end.  But Atlanta's final ball goes out.,88,,,,,
5/9/2026 21:36:51,97,Post-Game,SEveral ATLUTD players go down after the whistle.  Stian Muyumba.  Brennan,74,,,,,
5/9/2026 21:38:11,98,Post-Game,"Player Impressions:
Hoyos - does what's expected of him, nothing more
Gregersen - really good charging down a breakaway.  but lets in the breakaways with his positioining.
Berrocal - needs to do better
Báez - good on attack, was beaten badly on defense during breakaways
Muyumba - Plays very well as the DM.  But still outclassed at times.
Sanchez - doing amazing for his age.  Take his age out of it, and he gives the ball away too many times
Galarza - has not been impacting games.  Worried he has triggered his release clause
Miranchuk - played well, but not DP-well.  Has inspiring movement, and passing.  It didn't work tonight.
Saba - his normal.  Great on the run, until he gets to a defender
Latte Lath - played too deep, can't get at the end of plays.  His normal
Fortune - his quality shines through.  He needs to be starting over Galarza
Togashi - has better off the ball movement than Latte Lath.  But can't get at the end of a ball to score
Brennan - At his age and contract situation, he needs to be putting in strong performances.  He isn't.  He will end up being sold or let go.
Santos - Got at the end of a few crosses for a header.  I'm not sure what position he was playing on pitch though.
Mihaj - an upgrade at CB when he came on.",1251,,,,,
5/9/2026 21:46:20,106,Post-Game,"LA were the better team.  Not tactically, not personnel.  They controlled the game state better than Atlanta.
Atlanta were the stronger team in the 1st half, but lost their heads with the Ref.  LA started controlling the game at that point.
In the end, LA were better at managing the game.  They knew how to close out the game and prevent Atlanta from seeing enough of the ball to get a chance.",394,,,,,
5/9/2026 21:46:33,106,Post-Game,Atlanta's problems tonight were mental.  Not tactical.,54,,,,,
,,Post-Game,Atlanta received 5 yellow cards.  Will be fined.,,,,yes,,